Starting RGB,End RGB,Complete Response Time (ms),Initial Response Time - RGB10 (ms),Perceived Response Time - RGB10 (ms),Overshoot (RGB),Visual Response Rating,Input Lag (ms)
0,51,NaN,NaN,NaN,0,NaN,NaN
51,0,NaN,NaN,NaN,0,NaN,NaN
0,102,2.4,1.4,1.5,10,94.6,7
102,0,4.2,1.3,1.3,0,97.2,7.3
0,153,2.3,1.8,1.8,14,93,6.7
153,0,4.8,2.1,2.1,0,97,7.1
0,204,2.2,1.8,1.8,20,89.9,6.6
204,0,5.1,2.8,2.8,0,95.7,7.1
0,255,4,3.4,3.6,0,94.5,7.5
255,0,5.9,3.8,3.8,0,93.8,6.1
51,102,2.8,1.2,1.2,10,95.1,7.6
102,51,3.4,1.1,1.1,51,89.2,6.8
51,153,2.4,1.8,1.8,14,92.9,6.3
153,51,4.5,2,2,51,87.2,6.1
51,204,2.3,1.8,1.8,15,91.3,6.1
204,51,4.9,2.6,2.6,0,92.1,8.4
51,255,3.3,2.9,3.1,0,95,7.8
255,51,6.4,3.9,3.9,51,85.6,7.5
102,153,1.9,1.7,1.8,10,93.9,6.5
153,102,2.1,1.7,1.8,1,97.2,7.1
102,204,2.1,1.8,1.8,20,90.6,6.4
204,102,2.3,2.2,2.3,2,96.9,8.2
102,255,3.6,3.6,3.9,0,94.9,6.3
255,102,2.6,2.4,2.5,0,96.4,6.7
153,204,2,1,1,18,90.6,6.1
204,153,2,1.8,2,2,97.2,6.3
153,255,3.4,3.7,3.9,0,94.9,7.7
255,153,2.1,2,2.3,0,97.1,6.8
204,255,1.8,2.1,2.3,0,96.9,7
255,204,1.9,1.8,2.2,1,97.2,7.6
{"RunName":"\\003-RT-AG276QSG2-360-DP","DateAndTime":"07.10.2026 16:53:06","MonitorName":"AOC AG276QSG2","EDIDProductcode":"42518","RefreshRate":360,"Resolution":"2560x1440","FPSLimit":1000,"Vsync":false,"OverdriveMode":"100","Mode":0,"rtMethod":{"Type":null,"Name":"RGB 10 Tolerance","Tolerance":10,"gammaCorrected":true,"percentage":false},"osMethod":{"Type":null,"Name":"RGB Values","endPercent":false,"rangePercent":false,"gammaCorrected":true},"ExtraInfo":null,"MovingAverageSize":0,"AddedDelay":true}
